﻿<?xml version="1.0" encoding="utf-8"?>
<Symbolconfiguration xmlns="http://www.3s-software.com/schemas/Symbolconfiguration.xsd">
  <Header>
    <Version>3.5.14.0</Version>
    <SymbolConfigObject version="4.7.0.0" runtimeid="3.5.21.40" libversion="4.6.0.0" compiler="3.5.21.40" lmm="3.5.21.40" profile="CODESYS V3.5 SP21 Patch 4+" settings="SupportOPCUA, LayoutCalculator=OptimizedClientSideLayoutCalculator" />
    <ProjectInfo name="codesys_factoryio_opcua" devicename="Device" appname="Application" />
  </Header>
  <TypeList>
    <TypeSimple name="T_BOOL" size="1" swapsize="0" typeclass="Bool" iecname="BOOL" />
  </TypeList>
  <NodeList>
    <Node name="Application">
      <Node name="GVL">
        <Node name="FIO_Conveyor" type="T_BOOL" access="ReadWrite" />
        <Node name="FIO_Start_Btn" type="T_BOOL" access="ReadWrite" />
        <Node name="FIO_Stop_Btn" type="T_BOOL" access="ReadWrite" />
      </Node>
    </Node>
  </NodeList>
</Symbolconfiguration>