﻿<?xml version="1.0" encoding="utf-8"?>
<Symbolconfiguration xmlns="http://www.3s-software.com/schemas/Symbolconfiguration.xsd">
  <Header>
    <Version>3.5.14.0</Version>
    <SymbolConfigObject version="4.7.0.0" runtimeid="3.5.21.40" libversion="4.6.0.0" compiler="3.5.21.40" lmm="3.5.21.40" profile="CODESYS V3.5 SP21 Patch 4+" settings="SupportOPCUA, LayoutCalculator=OptimizedClientSideLayoutCalculator" />
    <ProjectInfo name="codesys_factoryio_pid" devicename="Device" appname="Application" />
  </Header>
  <TypeList>
    <TypeSimple name="T_REAL" size="4" swapsize="4" typeclass="Real" iecname="REAL" />
  </TypeList>
  <NodeList>
    <Node name="Application">
      <Node name="FIO">
        <Node name="FIO_ControlOutput" type="T_REAL" access="ReadWrite" />
        <Node name="FIO_DischargeValve" type="T_REAL" access="ReadWrite" />
        <Node name="FIO_Feedback" type="T_REAL" access="ReadWrite" />
      </Node>
    </Node>
  </NodeList>
</Symbolconfiguration>